"1","ipetrov","Иван","Петров","Васильевич","petrov@mail.ru","1234","","",""
"2","ntimofeev","Николай","Тимофеев","Петрович","timofeev@mail.com","4321","","",""
"3","ipetrov","Иван","Петров","Васильевич","petrov@mail.ru","$2y$10$jn.h5OY9Y8XKXdUx3AmJyuEsg1cQvw/52ejP4Yxj04fA/Y/su.0YG","","2022-12-08T18:43:30.000000Z","2022-12-08T18:43:30.000000Z"
"4","ntimofeev","Николай","Тимофеев","Петрович","timofeev@mail.com","$2y$10$L/iXRIiPTQEh3e.YvOdLY.O.qSeEcDOdkZTHqBOMopYSTfQ83yI.S","","2022-12-08T18:43:30.000000Z","2022-12-08T18:43:30.000000Z"
"5","ipetrov","Иван","Петров","Васильевич","petrov@mail.ru","$2y$10$Wx0LDfQmRx3iZUlfTQGjhe7mlwt/SNEUQIZJKFWhAMmJSJJz2Kva6","","2022-12-08T18:43:48.000000Z","2022-12-08T18:43:48.000000Z"
"6","ntimofeev","Николай","Тимофеев","Петрович","timofeev@mail.com","$2y$10$GDwblgeIeehIS6Kom0Jddefh.vzeHa5RqfIWXyRGjOqwuCzc1DPBe","","2022-12-08T18:43:48.000000Z","2022-12-08T18:43:48.000000Z"
"7","ipetrov","Иван","Петров","Васильевич","petrov@mail.ru","$2y$10$1oj.U9oJy08iIWBAYQooeuQu7nH7pK4p76BPojmHklHrph27bjqFi","","2022-12-08T18:43:48.000000Z","2022-12-08T18:43:48.000000Z"
"8","ntimofeev","Николай","Тимофеев","Петрович","timofeev@mail.com","$2y$10$jpx7NigAxxmGYKpFHqQEHuM8EZuAFrMDvfF8xtxkGONrtnZ77wMW2","","2022-12-08T18:43:48.000000Z","2022-12-08T18:43:48.000000Z"
"9","1ipetrov","Иван","Петров","Васильевич","petrov@mail.ru","$2y$10$43yj1sVCf.qUyEb.7TfSP.7AdQ4HiFZtlVAyDKkMklzAM/wDWnidW","","2022-12-08T18:43:49.000000Z","2022-12-08T18:43:49.000000Z"
"10","1ntimofeev","Николай","Тимофеев","Петрович","timofeev@mail.com","$2y$10$/PEsJVbnMsdfUnXDMQM3COvZoOm.139FOB77UXL6MDT7cmtTOESOy","","2022-12-08T18:43:49.000000Z","2022-12-08T18:43:49.000000Z"
